{
  "clap": 0.634836733341217,
  "n_bars": 16,
  "params": {
    "lead_cutoff_hz": 7863.226599898896,
    "lead_gain": 0.28929595015575615,
    "pad_cutoff_slider": 0.7160775876241399,
    "pad_gain": 3.4990542494422607,
    "hihat_gain": 0.2007047408567081,
    "bass_cutoff_g1": 0.5921887022158157,
    "reverb_room": 0.2940024232829917,
    "reverb_wet": 0.22586789565296628,
    "sidechain_depth": 0.3953553767662059,
    "gain_kick": 0.7175210109912815,
    "gain_bass": 0.42494241988235637,
    "gain_pluck": 0.03709942860850415,
    "kick_decay_s": 0.1280720571589516,
    "kick_pitch_floor": 54.786834426502885,
    "hihat_decay_s": 0.020048048489095315
  }
}