{
  "clap": 0.6568534970283508,
  "n_bars": 16,
  "params": {
    "lead_cutoff_hz": 11444.583371234963,
    "lead_gain": 0.2318072681075104,
    "pad_cutoff_slider": 0.8611977370048608,
    "pad_gain": 4.98279168345679,
    "hihat_gain": 2.7877219829574313,
    "bass_cutoff_g1": 0.6488659202001582,
    "reverb_room": 0.6307193192017195,
    "reverb_wet": 0.3705644886271726,
    "sidechain_depth": 0.3787822155935403,
    "gain_kick": 0.7576421886960224,
    "gain_bass": 0.15092502746326236,
    "gain_pluck": 0.03328709208906098,
    "kick_decay_s": 0.499113701798923,
    "kick_pitch_floor": 53.10883997545679,
    "hihat_decay_s": 0.005006854508369091
  }
}